Workbook

Sheet Data
A1: Date | B1: AAPL | C1: MSFT | D1: NVDA
A2: 2022-01-03 | B2: 101.0388 | C2: 150.3317 | D2: 201.9679
A3: 2022-01-04 | B3: 100.8001 | C3: 148.8466 | D3: 199.7186
A4: 2022-01-05 | B4: 102.1552 | C4: 150.7787 | D4: 201.4484
A5: 2022-01-06 | B5: 105.3569 | C5: 149.3528 | D5: 199.4947
A6: 2022-01-07 | B6: 104.9066 | C6: 148.3992 | D6: 203.3614
A7: 2022-01-10 | B7: 104.4583 | C7: 144.2937 | D7: 201.2296
A8: 2022-01-11 | B8: 107.8533 | C8: 143.3592 | D8: 203.631
A9: 2022-01-12 | B9: 109.5653 | C9: 138.2803 | D9: 203.5642
A10: 2022-01-13 | B10: 108.5848 | C10: 135.0725 | D10: 210.6742
A11: 2022-01-14 | B11: 109.8134 | C11: 136.6613 | D11: 210.4654
A12: 2022-01-17 | B12: 108.8438 | C12: 138.3214 | D12: 199.6728
A13: 2022-01-18 | B13: 107.8778 | C13: 139.247 | D13: 207.491
... A971: 2025-09-19 | B971: 248.5137 | C971: 456.9524 | D971: 430.7855

Sheet Calculations
A1: Date | B1: AAPL_Return | C1: MSFT_Return | D1: NVDA_Return
A2: =Data!A3 -> 2022-01-04 | B2: =IF(OR(Data!B3="",Data!B2=""),"",Data!B3/Data!B2-1) -> -0.0023624588 | C2: =IF(OR(Data!C3="",Data!C2=""),"",Data!C3/Data!C2-1) -> -0.0098788213 | D2: =IF(OR(Data!D3="",Data!D2=""),"",Data!D3/Data!D2-1) -> -0.011136918
A3: =Data!A4 -> 2022-01-05 | B3: =IF(OR(Data!B4="",Data!B3=""),"",Data!B4/Data!B3-1) -> 0.013443439 | C3: =IF(OR(Data!C4="",Data!C3=""),"",Data!C4/Data!C3-1) -> 0.012980478 | D3: =IF(OR(Data!D4="",Data!D3=""),"",Data!D4/Data!D3-1) -> 0.0086611863
A4: =Data!A5 -> 2022-01-06 | B4: =IF(OR(Data!B5="",Data!B4=""),"",Data!B5/Data!B4-1) -> 0.031341527 | C4: =IF(OR(Data!C5="",Data!C4=""),"",Data!C5/Data!C4-1) -> -0.009456906 | D4: =IF(OR(Data!D5="",Data!D4=""),"",Data!D5/Data!D4-1) -> -0.0096982652
A5: =Data!A6 -> 2022-01-07 | B5: =IF(OR(Data!B6="",Data!B5=""),"",Data!B6/Data!B5-1) -> -0.0042740438 | C5: =IF(OR(Data!C6="",Data!C5=""),"",Data!C6/Data!C5-1) -> -0.006384882 | D5: =IF(OR(Data!D6="",Data!D5=""),"",Data!D6/Data!D5-1) -> 0.01938247
A6: =Data!A7 -> 2022-01-10 | B6: =IF(OR(Data!B7="",Data!B6=""),"",Data!B7/Data!B6-1) -> -0.004273325 | C6: =IF(OR(Data!C7="",Data!C6=""),"",Data!C7/Data!C6-1) -> -0.027665243 | D6: =IF(OR(Data!D7="",Data!D6=""),"",Data!D7/Data!D6-1) -> -0.010482815
A7: =Data!A8 -> 2022-01-11 | B7: =IF(OR(Data!B8="",Data!B7=""),"",Data!B8/Data!B7-1) -> 0.032501008 | C7: =IF(OR(Data!C8="",Data!C7=""),"",Data!C8/Data!C7-1) -> -0.0064763742 | D7: =IF(OR(Data!D8="",Data!D7=""),"",Data!D8/Data!D7-1) -> 0.011933632
A8: =Data!A9 -> 2022-01-12 | B8: =IF(OR(Data!B9="",Data!B8=""),"",Data!B9/Data!B8-1) -> 0.015873413 | C8: =IF(OR(Data!C9="",Data!C8=""),"",Data!C9/Data!C8-1) -> -0.035427793 | D8: =IF(OR(Data!D9="",Data!D8=""),"",Data!D9/Data!D8-1) -> -0.00032804435
A9: =Data!A10 -> 2022-01-13 | B9: =IF(OR(Data!B10="",Data!B9=""),"",Data!B10/Data!B9-1) -> -0.0089490012 | C9: =IF(OR(Data!C10="",Data!C9=""),"",Data!C10/Data!C9-1) -> -0.023197809 | D9: =IF(OR(Data!D10="",Data!D9=""),"",Data!D10/Data!D9-1) -> 0.034927556
A10: =Data!A11 -> 2022-01-14 | B10: =IF(OR(Data!B11="",Data!B10=""),"",Data!B11/Data!B10-1) -> 0.011314659 | C10: =IF(OR(Data!C11="",Data!C10=""),"",Data!C11/Data!C10-1) -> 0.011762572 | D10: =IF(OR(Data!D11="",Data!D10=""),"",Data!D11/Data!D10-1) -> -0.0009911038
A11: =Data!A12 -> 2022-01-17 | B11: =IF(OR(Data!B12="",Data!B11=""),"",Data!B12/Data!B11-1) -> -0.0088295235 | C11: =IF(OR(Data!C12="",Data!C11=""),"",Data!C12/Data!C11-1) -> 0.01214755 | D11: =IF(OR(Data!D12="",Data!D11=""),"",Data!D12/Data!D11-1) -> -0.051279688
A12: =Data!A13 -> 2022-01-18 | B12: =IF(OR(Data!B13="",Data!B12=""),"",Data!B13/Data!B12-1) -> -0.0088751036 | C12: =IF(OR(Data!C13="",Data!C12=""),"",Data!C13/Data!C12-1) -> 0.0066916616 | D12: =IF(OR(Data!D13="",Data!D12=""),"",Data!D13/Data!D12-1) -> 0.039155058
A13: =Data!A14 -> 2022-01-19 | B13: =IF(OR(Data!B14="",Data!B13=""),"",Data!B14/Data!B13-1) -> 0.0052531661 | C13: =IF(OR(Data!C14="",Data!C13=""),"",Data!C14/Data!C13-1) -> -0.014116642 | D13: =IF(OR(Data!D14="",Data!D13=""),"",Data!D14/Data!D13-1) -> -0.026271019
... A969: =Data!A970 -> 2025-09-18 | B969: =IF(OR(Data!B970="",Data!B969=""),"",Data!B970/Data!B969-1) -> -0.00040316179 | C969: =IF(OR(Data!C970="",Data!C969=""),"",Data!C970/Data!C969-1) -> 0.016712281 | D969: =IF(OR(Data!D970="",Data!D969=""),"",Data!D970/Data!D969-1) -> -0.012866848
A972: Mean_Returns (demo): | B972: =AVERAGE(B2:B969) -> 0.001150709 | C972: =AVERAGE(C2:C969) -> 0.0012605349 | D972: =AVERAGE(D2:D969) -> 0.0011767366
A974: Covariance matrix (demo)
B975: AAPL | C975: MSFT | D975: NVDA
A976: AAPL | B976: =_xlfn.COVARIANCE.P(B2:B969,B2:B969) -> 0.00038391118 | C976: =_xlfn.COVARIANCE.P(B2:B969,C2:C969) -> -4.2926027e-07 | D976: =_xlfn.COVARIANCE.P(B2:B969,D2:D969) -> -1.0035374e-05 | G976: B6 | H976: C6 | I976: D6
A977: MSFT | B977: =_xlfn.COVARIANCE.P(C2:C969,B2:B969) -> -4.2926027e-07 | C977: =_xlfn.COVARIANCE.P(C2:C969,C2:C969) -> 0.00022665747 | D977: =_xlfn.COVARIANCE.P(C2:C969,D2:D969) -> -3.6775456e-06 | G977: C6 | H977: C7 | I977: D7
A978: NVDA | B978: =_xlfn.COVARIANCE.P(D2:D969,B2:B969) -> -1.0035374e-05 | C978: =_xlfn.COVARIANCE.P(D2:D969,C2:C969) -> -3.6775456e-06 | D978: =_xlfn.COVARIANCE.P(D2:D969,D2:D969) -> 0.00086967415 | G978: D6 | H978: D7 | I978: D8
A981: Cholesky L (3x3) - formulas
A982: L matrix (lower triangular) | B982: =SQRT(MAX(0,B976)) -> 0.019593651 | C982: 0 | D982: 0
B983: =B977/B982 -> -2.190813e-05 | C983: =SQRT(MAX(0,C977-POWER(B983,2))) -> 0.015055132 | D983: 0
B984: =$B$978/$B$982 -> -0.00051217476 | C984: =(C978 - B984*B983)/C983 -> -0.00024501721 | D984: =SQRT(MAX(0, $D$978 - $B$984^2 - $C$984^2)) -> 0.029484772
A987: Pesos del portafolio (fixed):
A988: AAPL | B988: 0.5
A989: MSFT | B989: 0.2
A990: NVDA | B990: 0.3

Sheet Simulaciones
K1: 10000
A2: DIA | B2: z1 | C2: z2 | D2: z3 | E2: R_AAPL | F2: R_MSFT | G2: R_NVDA | H2: R_Port | I2: Capital | K2: DIA | L2: z1 | M2: z2 | N2: z3 | O2: R_AAPL | P2: R_MSFT | Q2: R_NVDA | R2: R_Port | S2: Capital | U2: DIA | V2: z1 | W2: z2 | X2: z3 | Y2: R_AAPL | Z2: R_MSFT | AA2: R_NVDA | AB2: R_Port | AC2: Capital | AE2: DIA | AF2: z1 | AG2: z2 | AH2: z3 | AI2: R_AAPL | AJ2: R_MSFT | AK2: R_NVDA | AL2: R_Port | AM2: Capital | AO2: DIA | AP2: z1 | AQ2: z2 | AR2: z3 | AS2: R_AAPL | AT2: R_MSFT | AU2: R_NVDA | AV2: R_Port | AW2: Capital
A3: 1 | B3: =_xlfn.NORM.S.INV(RAND()) -> -0.23934729 | C3: =_xlfn.NORM.S.INV(RAND()) -> -0.73994049 | D3: =_xlfn.NORM.S.INV(RAND()) -> 1.3566288 | E3: =Calculations!$B$972 + Calculations!$B$982 * B3 -> -0.0035389785 | F3: =Calculations!$C$972 + Calculations!$B$983 * B3 + Calculations!$C$983 * C3 -> -0.0098741231 | G3: =Calculations!$D$972 + Calculations!$B$984 * B3 + Calculations!$C$984 * C3 + Calculations!$D$984 * D3 -> 0.041480513 | H3: =Calculations!$B$988 * E3 + Calculations!$B$989 * F3 + Calculations!$B$990 * G3 -> 0.0086998401 | I3: =$K$1 * (1 + H3) -> 10086.998 | K3: 1 | L3: =_xlfn.NORM.S.INV(RAND()) -> -0.036560455 | M3: =_xlfn.NORM.S.INV(RAND()) -> 0.74942947 | N3: =_xlfn.NORM.S.INV(RAND()) -> 0.073226001 | O3: =Calculations!$B$972 + Calculations!$B$982 * L3 -> 0.00043435616 | P3: =Calculations!$C$972 + Calculations!$B$983 * L3 + Calculations!$C$983 * M3 -> 0.012544095 | Q3: =Calculations!$D$972 + Calculations!$B$984 * L3 + Calculations!$C$984 * M3 + Calculations!$D$984 * N3 -> 0.0031708908 | R3: =Calculations!$B$988 * O3 + Calculations!$B$989 * P3 + Calculations!$B$990 * Q3 -> 0.0036772644 | S3: =$K$1 * (1 + R3) -> 10036.773 | U3: 1 | V3: =_xlfn.NORM.S.INV(RAND()) -> -1.3670164 | W3: =_xlfn.NORM.S.INV(RAND()) -> 0.59271903 | X3: =_xlfn.NORM.S.INV(RAND()) -> 0.55293729 | Y3: =Calculations!$B$972 + Calculations!$B$982 * V3 -> -0.025634135 | Z3: =Calculations!$C$972 + Calculations!$B$983 * V3 + Calculations!$C$983 * W3 -> 0.010213947 | AA3: =Calculations!$D$972 + Calculations!$B$984 * V3 + Calculations!$C$984 * W3 + Calculations!$D$984 * X3 -> 0.018034892 | AB3: =Calculations!$B$988 * Y3 + Calculations!$B$989 * Z3 + Calculations!$B$990 * AA3 -> -0.0053638105 | AC3: =$K$1 * (1 + AB3) -> 9946.3619 | AE3: 1 | AF3: =_xlfn.NORM.S.INV(RAND()) -> -3.5654832 | AG3: =_xlfn.NORM.S.INV(RAND()) -> -0.87812889 | AH3: =_xlfn.NORM.S.INV(RAND()) -> 1.3313644 | AI3: =Calculations!$B$972 + Calculations!$B$982 * AF3 -> -0.068710126 | AJ3: =Calculations!$C$972 + Calculations!$B$983 * AF3 + Calculations!$C$983 * AG3 -> -0.011881698 | AK3: =Calculations!$D$972 + Calculations!$B$984 * AF3 + Calculations!$C$984 * AG3 + Calculations!$D$984 * AH3 -> 0.04247302 | AL3: =Calculations!$B$988 * AI3 + Calculations!$B$989 * AJ3 + Calculations!$B$990 * AK3 -> -0.023989496 | AM3: =$K$1 * (1 + AL3) -> 9760.105 | AO3: 1 | AP3: =_xlfn.NORM.S.INV(RAND()) -> -1.0137777 | AQ3: =_xlfn.NORM.S.INV(RAND()) -> -0.2499188 | AR3: =_xlfn.NORM.S.INV(RAND()) -> 0.48410689 | AS3: =Calculations!$B$972 + Calculations!$B$982 * AP3 -> -0.018712897 | AT3: =Calculations!$C$972 + Calculations!$B$983 * AP3 + Calculations!$C$983 * AQ3 -> -0.0024798157 | AU3: =Calculations!$D$972 + Calculations!$B$984 * AP3 + Calculations!$C$984 * AQ3 + Calculations!$D$984 * AR3 -> 0.016030984 | AV3: =Calculations!$B$988 * AS3 + Calculations!$B$989 * AT3 + Calculations!$B$990 * AU3 -> -0.0050431166 | AW3: =$K$1 * (1 + AV3) -> 9949.5688
A4: 2 | B4: =_xlfn.NORM.S.INV(RAND()) -> -1.1937676 | C4: =_xlfn.NORM.S.INV(RAND()) -> -0.97248569 | D4: =_xlfn.NORM.S.INV(RAND()) -> 1.1070809 | E4: =Calculations!$B$972 + Calculations!$B$982 * B4 -> -0.022239558 | F4: =Calculations!$C$972 + Calculations!$B$983 * B4 + Calculations!$C$983 * C4 -> -0.013354212 | G4: =Calculations!$D$972 + Calculations!$B$984 * B4 + Calculations!$C$984 * C4 + Calculations!$D$984 * D4 -> 0.034668457 | H4: =Calculations!$B$988 * E4 + Calculations!$B$989 * F4 + Calculations!$B$990 * G4 -> -0.0033900845 | I4: =I3 * (1 + H4) -> 10052.803 | K4: 2 | L4: =_xlfn.NORM.S.INV(RAND()) -> -1.3417218 | M4: =_xlfn.NORM.S.INV(RAND()) -> 1.3029076 | N4: =_xlfn.NORM.S.INV(RAND()) -> 0.69269456 | O4: =Calculations!$B$972 + Calculations!$B$982 * L4 -> -0.025138519 | P4: =Calculations!$C$972 + Calculations!$B$983 * L4 + Calculations!$C$983 * M4 -> 0.020905376 | Q4: =Calculations!$D$972 + Calculations!$B$984 * L4 + Calculations!$C$984 * M4 + Calculations!$D$984 * N4 -> 0.021968639 | R4: =Calculations!$B$988 * O4 + Calculations!$B$989 * P4 + Calculations!$B$990 * Q4 -> -0.0017975929 | S4: =S3 * (1 + R4) -> 10018.731 | U4: 2 | V4: =_xlfn.NORM.S.INV(RAND()) -> -0.62295884 | W4: =_xlfn.NORM.S.INV(RAND()) -> -0.48523745 | X4: =_xlfn.NORM.S.INV(RAND()) -> 0.5985093 | Y4: =Calculations!$B$972 + Calculations!$B$982 * V4 -> -0.011055329 | Z4: =Calculations!$C$972 + Calculations!$B$983 * V4 + Calculations!$C$983 * W4 -> -0.006031131 | AA4: =Calculations!$D$972 + Calculations!$B$984 * V4 + Calculations!$C$984 * W4 + Calculations!$D$984 * X4 -> 0.019261602 | AB4: =Calculations!$B$988 * Y4 + Calculations!$B$989 * Z4 + Calculations!$B$990 * AA4 -> -0.00095541018 | AC4: =AC3 * (1 + AB4) -> 9936.859 | AE4: 2 | AF4: =_xlfn.NORM.S.INV(RAND()) -> -0.19835361 | AG4: =_xlfn.NORM.S.INV(RAND()) -> -0.62039236 | AH4: =_xlfn.NORM.S.INV(RAND()) -> 1.0921785 | AI4: =Calculations!$B$972 + Calculations!$B$982 * AF4 -> -0.0027357625 | AJ4: =Calculations!$C$972 + Calculations!$B$983 * AF4 + Calculations!$C$983 * AG4 -> -0.0080752082 | AK4: =Calculations!$D$972 + Calculations!$B$984 * AF4 + Calculations!$C$984 * AG4 + Calculations!$D$984 * AH4 -> 0.033632971 | AL4: =Calculations!$B$988 * AI4 + Calculations!$B$989 * AJ4 + Calculations!$B$990 * AK4 -> 0.0071069683 | AM4: =AM3 * (1 + AL4) -> 9829.4698 | AO4: 2 | AP4: =_xlfn.NORM.S.INV(RAND()) -> 0.11664366 | AQ4: =_xlfn.NORM.S.INV(RAND()) -> -1.4533231 | AR4: =_xlfn.NORM.S.INV(RAND()) -> 0.082535 | AS4: =Calculations!$B$972 + Calculations!$B$982 * AP4 -> 0.0034361841 | AT4: =Calculations!$C$972 + Calculations!$B$983 * AP4 + Calculations!$C$983 * AQ4 -> -0.020621992 | AU4: =Calculations!$D$972 + Calculations!$B$984 * AP4 + Calculations!$C$984 * AQ4 + Calculations!$D$984 * AR4 -> 0.0039066095 | AV4: =Calculations!$B$988 * AS4 + Calculations!$B$989 * AT4 + Calculations!$B$990 * AU4 -> -0.0012343234 | AW4: =AW3 * (1 + AV4) -> 9937.2878
A5: 3 | B5: =_xlfn.NORM.S.INV(RAND()) -> 1.7264726 | C5: =_xlfn.NORM.S.INV(RAND()) -> 1.2632233 | D5: =_xlfn.NORM.S.INV(RAND()) -> 0.62752839 | E5: =Calculations!$B$972 + Calculations!$B$982 * B5 -> 0.03497861 | F5: =Calculations!$C$972 + Calculations!$B$983 * B5 + Calculations!$C$983 * C5 -> 0.020240705 | G5: =Calculations!$D$972 + Calculations!$B$984 * B5 + Calculations!$C$984 * C5 + Calculations!$D$984 * D5 -> 0.018485501 | H5: =Calculations!$B$988 * E5 + Calculations!$B$989 * F5 + Calculations!$B$990 * G5 -> 0.027083097 | I5: =I4 * (1 + H5) -> 10325.064 | K5: 3 | L5: =_xlfn.NORM.S.INV(RAND()) -> -1.6232126 | M5: =_xlfn.NORM.S.INV(RAND()) -> 0.26498054 | N5: =_xlfn.NORM.S.INV(RAND()) -> -1.0194808 | O5: =Calculations!$B$972 + Calculations!$B$982 * L5 -> -0.030653953 | P5: =Calculations!$C$972 + Calculations!$B$983 * L5 + Calculations!$C$983 * M5 -> 0.0052854134 | Q5: =Calculations!$D$972 + Calculations!$B$984 * L5 + Calculations!$C$984 * M5 + Calculations!$D$984 * N5 -> -0.028115978 | R5: =Calculations!$B$988 * O5 + Calculations!$B$989 * P5 + Calculations!$B$990 * Q5 -> -0.022704687 | S5: =S4 * (1 + R5) -> 9791.2585 | U5: 3 | V5: =_xlfn.NORM.S.INV(RAND()) -> -0.05234422 | W5: =_xlfn.NORM.S.INV(RAND()) -> -1.6318943 | X5: =_xlfn.NORM.S.INV(RAND()) -> -1.2231401 | Y5: =Calculations!$B$972 + Calculations!$B$982 * V5 -> 0.00012509458 | Z5: =Calculations!$C$972 + Calculations!$B$983 * V5 + Calculations!$C$983 * W5 -> -0.023306702 | AA5: =Calculations!$D$972 + Calculations!$B$984 * V5 + Calculations!$C$984 * W5 + Calculations!$D$984 * X5 -> -0.03446062 | AB5: =Calculations!$B$988 * Y5 + Calculations!$B$989 * Z5 + Calculations!$B$990 * AA5 -> -0.014936979 | AC5: =AC4 * (1 + AB5) -> 9788.4324 | AE5: 3 | AF5: =_xlfn.NORM.S.INV(RAND()) -> -0.088309661 | AG5: =_xlfn.NORM.S.INV(RAND()) -> 1.1391916 | AH5: =_xlfn.NORM.S.INV(RAND()) -> 0.99080539 | AI5: =Calculations!$B$972 + Calculations!$B$982 * AF5 -> -0.00057959973 | AJ5: =Calculations!$C$972 + Calculations!$B$983 * AF5 + Calculations!$C$983 * AG5 -> 0.018413148 | AK5: =Calculations!$D$972 + Calculations!$B$984 * AF5 + Calculations!$C$984 * AG5 + Calculations!$D$984 * AH5 -> 0.030156516 | AL5: =Calculations!$B$988 * AI5 + Calculations!$B$989 * AJ5 + Calculations!$B$990 * AK5 -> 0.012439785 | AM5: =AM4 * (1 + AL5) -> 9951.7463 | AO5: 3 | AP5: =_xlfn.NORM.S.INV(RAND()) -> -0.29607134 | AQ5: =_xlfn.NORM.S.INV(RAND()) -> -1.467747 | AR5: =_xlfn.NORM.S.INV(RAND()) -> -1.4555806 | AS5: =Calculations!$B$972 + Calculations!$B$982 * AP5 -> -0.0046504097 | AT5: =Calculations!$C$972 + Calculations!$B$983 * AP5 + Calculations!$C$983 * AQ5 -> -0.020830103 | AU5: =Calculations!$D$972 + Calculations!$B$984 * AP5 + Calculations!$C$984 * AQ5 + Calculations!$D$984 * AR5 -> -0.041229461 | AV5: =Calculations!$B$988 * AS5 + Calculations!$B$989 * AT5 + Calculations!$B$990 * AU5 -> -0.018860064 | AW5: =AW4 * (1 + AV5) -> 9749.87
A6: 4 | B6: =_xlfn.NORM.S.INV(RAND()) -> -1.8683477 | C6: =_xlfn.NORM.S.INV(RAND()) -> 0.2666618 | D6: =_xlfn.NORM.S.INV(RAND()) -> -0.470609 | E6: =Calculations!$B$972 + Calculations!$B$982 * B6 -> -0.035457045 | F6: =Calculations!$C$972 + Calculations!$B$983 * B6 + Calculations!$C$983 * C6 -> 0.0053160954 | G6: =Calculations!$D$972 + Calculations!$B$984 * B6 + Calculations!$C$984 * C6 + Calculations!$D$984 * D6 -> -0.011807479 | H6: =Calculations!$B$988 * E6 + Calculations!$B$989 * F6 + Calculations!$B$990 * G6 -> -0.020207547 | I6: =I5 * (1 + H6) -> 10116.419 | K6: 4 | L6: =_xlfn.NORM.S.INV(RAND()) -> -0.1786369 | M6: =_xlfn.NORM.S.INV(RAND()) -> -1.2935613 | N6: =_xlfn.NORM.S.INV(RAND()) -> 0.58680748 | O6: =Calculations!$B$972 + Calculations!$B$982 * L6 -> -0.0023494402 | P6: =Calculations!$C$972 + Calculations!$B$983 * L6 + Calculations!$C$983 * M6 -> -0.018210287 | Q6: =Calculations!$D$972 + Calculations!$B$984 * L6 + Calculations!$C$984 * M6 + Calculations!$D$984 * N6 -> 0.01888706 | R6: =Calculations!$B$988 * O6 + Calculations!$B$989 * P6 + Calculations!$B$990 * Q6 -> 0.00084934036 | S6: =S5 * (1 + R6) -> 9799.5746 | U6: 4 | V6: =_xlfn.NORM.S.INV(RAND()) -> -0.38348813 | W6: =_xlfn.NORM.S.INV(RAND()) -> -1.5947443 | X6: =_xlfn.NORM.S.INV(RAND()) -> -1.8432845 | Y6: =Calculations!$B$972 + Calculations!$B$982 * V6 -> -0.0063632237 | Z6: =Calculations!$C$972 + Calculations!$B$983 * V6 + Calculations!$C$983 * W6 -> -0.022740149 | AA6: =Calculations!$D$972 + Calculations!$B$984 * V6 + Calculations!$C$984 * W6 + Calculations!$D$984 * X6 -> -0.052584935 | AB6: =Calculations!$B$988 * Y6 + Calculations!$B$989 * Z6 + Calculations!$B$990 * AA6 -> -0.023505122 | AC6: =AC5 * (1 + AB6) -> 9558.3541 | AE6: 4 | AF6: =_xlfn.NORM.S.INV(RAND()) -> -1.2640138 | AG6: =_xlfn.NORM.S.INV(RAND()) -> 1.3912273 | AH6: =_xlfn.NORM.S.INV(RAND()) -> -2.424444 | AI6: =Calculations!$B$972 + Calculations!$B$982 * AF6 -> -0.023615937 | AJ6: =Calculations!$C$972 + Calculations!$B$983 * AF6 + Calculations!$C$983 * AG6 -> 0.022233337 | AK6: =Calculations!$D$972 + Calculations!$B$984 * AF6 + Calculations!$C$984 * AG6 + Calculations!$D$984 * AH6 -> -0.070000922 | AL6: =Calculations!$B$988 * AI6 + Calculations!$B$989 * AJ6 + Calculations!$B$990 * AK6 -> -0.028361578 | AM6: =AM5 * (1 + AL6) -> 9669.4991 | AO6: 4 | AP6: =_xlfn.NORM.S.INV(RAND()) -> -0.51287551 | AQ6: =_xlfn.NORM.S.INV(RAND()) -> -0.69154181 | AR6: =_xlfn.NORM.S.INV(RAND()) -> 0.026128336 | AS6: =Calculations!$B$972 + Calculations!$B$982 * AP6 -> -0.0088983949 | AT6: =Calculations!$C$972 + Calculations!$B$983 * AP6 + Calculations!$C$983 * AQ6 -> -0.009139482 | AU6: =Calculations!$D$972 + Calculations!$B$984 * AP6 + Calculations!$C$984 * AQ6 + Calculations!$D$984 * AR6 -> 0.0023792461 | AV6: =Calculations!$B$988 * AS6 + Calculations!$B$989 * AT6 + Calculations!$B$990 * AU6 -> -0.00556332 | AW6: =AW5 * (1 + AV6) -> 9695.6283
A7: 5 | B7: =_xlfn.NORM.S.INV(RAND()) -> 1.5383062 | C7: =_xlfn.NORM.S.INV(RAND()) -> 0.17296845 | D7: =_xlfn.NORM.S.INV(RAND()) -> -0.14101297 | E7: =Calculations!$B$972 + Calculations!$B$982 * B7 -> 0.031291745 | F7: =Calculations!$C$972 + Calculations!$B$983 * B7 + Calculations!$C$983 * C7 -> 0.0038308963 | G7: =Calculations!$D$972 + Calculations!$B$984 * B7 + Calculations!$C$984 * C7 + Calculations!$D$984 * D7 -> -0.0038112606 | H7: =Calculations!$B$988 * E7 + Calculations!$B$989 * F7 + Calculations!$B$990 * G7 -> 0.015268674 | I7: =I6 * (1 + H7) -> 10270.884 | K7: 5 | L7: =_xlfn.NORM.S.INV(RAND()) -> -0.84545898 | M7: =_xlfn.NORM.S.INV(RAND()) -> 1.9544692 | N7: =_xlfn.NORM.S.INV(RAND()) -> -1.6526338 | O7: =Calculations!$B$972 + Calculations!$B$982 * L7 -> -0.01541492 | P7: =Calculations!$C$972 + Calculations!$B$983 * L7 + Calculations!$C$983 * M7 -> 0.030703849 | Q7: =Calculations!$D$972 + Calculations!$B$984 * L7 + Calculations!$C$984 * M7 + Calculations!$D$984 * N7 -> -0.047596652 | R7: =Calculations!$B$988 * O7 + Calculations!$B$989 * P7 + Calculations!$B$990 * Q7 -> -0.015845685 | S7: =S6 * (1 + R7) -> 9644.2936 | U7: 5 | V7: =_xlfn.NORM.S.INV(RAND()) -> 0.43950279 | W7: =_xlfn.NORM.S.INV(RAND()) -> -0.15010072 | X7: =_xlfn.NORM.S.INV(RAND()) -> 1.1124556 | Y7: =Calculations!$B$972 + Calculations!$B$982 * V7 -> 0.0097621735 | Z7: =Calculations!$C$972 + Calculations!$B$983 * V7 + Calculations!$C$983 * W7 -> -0.0010088799 | AA7: =Calculations!$D$972 + Calculations!$B$984 * V7 + Calculations!$C$984 * W7 + Calculations!$D$984 * X7 -> 0.033788911 | AB7: =Calculations!$B$988 * Y7 + Calculations!$B$989 * Z7 + Calculations!$B$990 * AA7 -> 0.014815984 | AC7: =AC6 * (1 + AB7) -> 9699.9705 | AE7: 5 | AF7: =_xlfn.NORM.S.INV(RAND()) -> -0.25038983 | AG7: =_xlfn.NORM.S.INV(RAND()) -> 1.4274979 | AH7: =_xlfn.NORM.S.INV(RAND()) -> -0.89910334 | AI7: =Calculations!$B$972 + Calculations!$B$982 * AF7 -> -0.003755342 | AJ7: =Calculations!$C$972 + Calculations!$B$983 * AF7 + Calculations!$C$983 * AG7 -> 0.022757189 | AK7: =Calculations!$D$972 + Calculations!$B$984 * AF7 + Calculations!$C$984 * AG7 + Calculations!$D$984 * AH7 -> -0.025554639 | AL7: =Calculations!$B$988 * AI7 + Calculations!$B$989 * AJ7 + Calculations!$B$990 * AK7 -> -0.0049926248 | AM7: =AM6 * (1 + AL7) -> 9621.2229 | AO7: 5 | AP7: =_xlfn.NORM.S.INV(RAND()) -> -0.15268792 | AQ7: =_xlfn.NORM.S.INV(RAND()) -> -0.045096142 | AR7: =_xlfn.NORM.S.INV(RAND()) -> -0.53828184 | AS7: =Calculations!$B$972 + Calculations!$B$982 * AP7 -> -0.0018410049 | AT7: =Calculations!$C$972 + Calculations!$B$983 * AP7 + Calculations!$C$983 * AQ7 -> 0.00058495164 | AU7: =Calculations!$D$972 + Calculations!$B$984 * AP7 + Calculations!$C$984 * AQ7 + Calculations!$D$984 * AR7 -> -0.014605129 | AV7: =Calculations!$B$988 * AS7 + Calculations!$B$989 * AT7 + Calculations!$B$990 * AU7 -> -0.0051850508 | AW7: =AW6 * (1 + AV7) -> 9645.356
A8: 6 | B8: =_xlfn.NORM.S.INV(RAND()) -> -0.69030184 | C8: =_xlfn.NORM.S.INV(RAND()) -> -0.89591547 | D8: =_xlfn.NORM.S.INV(RAND()) -> -1.0664193 | E8: =Calculations!$B$972 + Calculations!$B$982 * B8 -> -0.012374825 | F8: =Calculations!$C$972 + Calculations!$B$983 * B8 + Calculations!$C$983 * C8 -> -0.012212467 | G8: =Calculations!$D$972 + Calculations!$B$984 * B8 + Calculations!$C$984 * C8 + Calculations!$D$984 * D8 -> -0.029693324 | H8: =Calculations!$B$988 * E8 + Calculations!$B$989 * F8 + Calculations!$B$990 * G8 -> -0.017537903 | I8: =I7 * (1 + H8) -> 10090.754 | K8: 6 | L8: =_xlfn.NORM.S.INV(RAND()) -> -0.72997193 | M8: =_xlfn.NORM.S.INV(RAND()) -> -0.68814352 | N8: =_xlfn.NORM.S.INV(RAND()) -> -0.72047872 | O8: =Calculations!$B$972 + Calculations!$B$982 * L8 -> -0.013152107 | P8: =Calculations!$C$972 + Calculations!$B$983 * L8 + Calculations!$C$983 * M8 -> -0.0090835642 | Q8: =Calculations!$D$972 + Calculations!$B$984 * L8 + Calculations!$C$984 * M8 + Calculations!$D$984 * N8 -> -0.019523934 | R8: =Calculations!$B$988 * O8 + Calculations!$B$989 * P8 + Calculations!$B$990 * Q8 -> -0.014249946 | S8: =S7 * (1 + R8) -> 9506.8629 | U8: 6 | V8: =_xlfn.NORM.S.INV(RAND()) -> -0.82419435 | W8: =_xlfn.NORM.S.INV(RAND()) -> 0.17978094 | X8: =_xlfn.NORM.S.INV(RAND()) -> 1.1419937 | Y8: =Calculations!$B$972 + Calculations!$B$982 * V8 -> -0.014998268 | Z8: =Calculations!$C$972 + Calculations!$B$983 * V8 + Calculations!$C$983 * W8 -> 0.0039852172 | AA8: =Calculations!$D$972 + Calculations!$B$984 * V8 + Calculations!$C$984 * W8 + Calculations!$D$984 * X8 -> 0.035226242 | AB8: =Calculations!$B$988 * Y8 + Calculations!$B$989 * Z8 + Calculations!$B$990 * AA8 -> 0.0038657821 | AC8: =AC7 * (1 + AB8) -> 9737.4685 | AE8: 6 | AF8: =_xlfn.NORM.S.INV(RAND()) -> 0.72426502 | AG8: =_xlfn.NORM.S.INV(RAND()) -> 0.13590037 | AH8: =_xlfn.NORM.S.INV(RAND()) -> 1.432965 | AI8: =Calculations!$B$972 + Calculations!$B$982 * AF8 -> 0.015341705 | AJ8: =Calculations!$C$972 + Calculations!$B$983 * AF8 + Calculations!$C$983 * AG8 -> 0.0032906656 | AK8: =Calculations!$D$972 + Calculations!$B$984 * AF8 + Calculations!$C$984 * AG8 + Calculations!$D$984 * AH8 -> 0.043023134 | AL8: =Calculations!$B$988 * AI8 + Calculations!$B$989 * AJ8 + Calculations!$B$990 * AK8 -> 0.021235926 | AM8: =AM7 * (1 + AL8) -> 9825.5385 | AO8: 6 | AP8: =_xlfn.NORM.S.INV(RAND()) -> 0.56518675 | AQ8: =_xlfn.NORM.S.INV(RAND()) -> 0.81138721 | AR8: =_xlfn.NORM.S.INV(RAND()) -> 1.2280686 | AS8: =Calculations!$B$972 + Calculations!$B$982 * AP8 -> 0.012224781 | AT8: =Calculations!$C$972 + Calculations!$B$983 * AP8 + Calculations!$C$983 * AQ8 -> 0.013463694 | AU8: =Calculations!$D$972 + Calculations!$B$984 * AP8 + Calculations!$C$984 * AQ8 + Calculations!$D$984 * AR8 -> 0.036897781 | AV8: =Calculations!$B$988 * AS8 + Calculations!$B$989 * AT8 + Calculations!$B$990 * AU8 -> 0.019874464 | AW8: =AW7 * (1 + AV8) -> 9837.0523
A9: 7 | B9: =_xlfn.NORM.S.INV(RAND()) -> -0.78631903 | C9: =_xlfn.NORM.S.INV(RAND()) -> 0.26690648 | D9: =_xlfn.NORM.S.INV(RAND()) -> -0.74751907 | E9: =Calculations!$B$972 + Calculations!$B$982 * B9 -> -0.014256152 | F9: =Calculations!$C$972 + Calculations!$B$983 * B9 + Calculations!$C$983 * C9 -> 0.0052960739 | G9: =Calculations!$D$972 + Calculations!$B$984 * B9 + Calculations!$C$984 * C9 + Calculations!$D$984 * D9 -> -0.020526357 | H9: =Calculations!$B$988 * E9 + Calculations!$B$989 * F9 + Calculations!$B$990 * G9 -> -0.012226768 | I9: =I8 * (1 + H9) -> 9967.3767 | K9: 7 | L9: =_xlfn.NORM.S.INV(RAND()) -> 0.12406013 | M9: =_xlfn.NORM.S.INV(RAND()) -> -1.3301829 | N9: =_xlfn.NORM.S.INV(RAND()) -> 0.2072151 | O9: =Calculations!$B$972 + Calculations!$B$982 * L9 -> 0.0035814998 | P9: =Calculations!$C$972 + Calculations!$B$983 * L9 + Calculations!$C$983 * M9 -> -0.018768261 | Q9: =Calculations!$D$972 + Calculations!$B$984 * L9 + Calculations!$C$984 * M9 + Calculations!$D$984 * N9 -> 0.0075488037 | R9: =Calculations!$B$988 * O9 + Calculations!$B$989 * P9 + Calculations!$B$990 * Q9 -> 0.00030173876 | S9: =S8 * (1 + R9) -> 9509.7315 | U9: 7 | V9: =_xlfn.NORM.S.INV(RAND()) -> 2.0086717 | W9: =_xlfn.NORM.S.INV(RAND()) -> -0.4605797 | X9: =_xlfn.NORM.S.INV(RAND()) -> -0.39688216 | Y9: =Calculations!$B$972 + Calculations!$B$982 * V9 -> 0.040507921 | Z9: =Calculations!$C$972 + Calculations!$B$983 * V9 + Calculations!$C$983 * W9 -> -0.0057175594 | AA9: =Calculations!$D$972 + Calculations!$B$984 * V9 + Calculations!$C$984 * W9 + Calculations!$D$984 * X9 -> -0.011441184 | AB9: =Calculations!$B$988 * Y9 + Calculations!$B$989 * Z9 + Calculations!$B$990 * AA9 -> 0.015678093 | AC9: =AC8 * (1 + AB9) -> 9890.1334 | AE9: 7 | AF9: =_xlfn.NORM.S.INV(RAND()) -> 1.5584386 | AG9: =_xlfn.NORM.S.INV(RAND()) -> -2.4367339 | AH9: =_xlfn.NORM.S.INV(RAND()) -> -0.78420957 | AI9: =Calculations!$B$972 + Calculations!$B$982 * AF9 -> 0.031686212 | AJ9: =Calculations!$C$972 + Calculations!$B$983 * AF9 + Calculations!$C$983 * AG9 -> -0.035458957 | AK9: =Calculations!$D$972 + Calculations!$B$984 * AF9 + Calculations!$C$984 * AG9 + Calculations!$D$984 * AH9 -> -0.022146655 | AL9: =Calculations!$B$988 * AI9 + Calculations!$B$989 * AJ9 + Calculations!$B$990 * AK9 -> 0.002107318 | AM9: =AM8 * (1 + AL9) -> 9846.244 | AO9: 7 | AP9: =_xlfn.NORM.S.INV(RAND()) -> 0.28575031 | AQ9: =_xlfn.NORM.S.INV(RAND()) -> -0.3267919 | AR9: =_xlfn.NORM.S.INV(RAND()) -> -0.5237989 | AS9: =Calculations!$B$972 + Calculations!$B$982 * AP9 -> 0.0067496009 | AT9: =Calculations!$C$972 + Calculations!$B$983 * AP9 + Calculations!$C$983 * AQ9 -> -0.0036656204 | AU9: =Calculations!$D$972 + Calculations!$B$984 * AP9 + Calculations!$C$984 * AQ9 + Calculations!$D$984 * AR9 -> -0.014333639 | AV9: =Calculations!$B$988 * AS9 + Calculations!$B$989 * AT9 + Calculations!$B$990 * AU9 -> -0.0016584154 | AW9: =AW8 * (1 + AV9) -> 9820.7384
A10: 8 | B10: =_xlfn.NORM.S.INV(RAND()) -> 0.3049357 | C10: =_xlfn.NORM.S.INV(RAND()) -> 0.66720539 | D10: =_xlfn.NORM.S.INV(RAND()) -> 0.55279438 | E10: =Calculations!$B$972 + Calculations!$B$982 * B10 -> 0.0071255127 | F10: =Calculations!$C$972 + Calculations!$B$983 * B10 + Calculations!$C$983 * C10 -> 0.011298719 | G10: =Calculations!$D$972 + Calculations!$B$984 * B10 + Calculations!$C$984 * C10 + Calculations!$D$984 * D10 -> 0.017156096 | H10: =Calculations!$B$988 * E10 + Calculations!$B$989 * F10 + Calculations!$B$990 * G10 -> 0.010969329 | I10: =I9 * (1 + H10) -> 10076.712 | K10: 8 | L10: =_xlfn.NORM.S.INV(RAND()) -> 1.5295426 | M10: =_xlfn.NORM.S.INV(RAND()) -> -1.8894578 | N10: =_xlfn.NORM.S.INV(RAND()) -> 1.3202745 | O10: =Calculations!$B$972 + Calculations!$B$982 * L10 -> 0.031120034 | P10: =Calculations!$C$972 + Calculations!$B$983 * L10 + Calculations!$C$983 * M10 -> -0.027219011 | Q10: =Calculations!$D$972 + Calculations!$B$984 * L10 + Calculations!$C$984 * M10 + Calculations!$D$984 * N10 -> 0.039784286 | R10: =Calculations!$B$988 * O10 + Calculations!$B$989 * P10 + Calculations!$B$990 * Q10 -> 0.022051501 | S10: =S9 * (1 + R10) -> 9719.4354 | U10: 8 | V10: =_xlfn.NORM.S.INV(RAND()) -> 0.7640733 | W10: =_xlfn.NORM.S.INV(RAND()) -> -1.5146475 | X10: =_xlfn.NORM.S.INV(RAND()) -> 1.2044198 | Y10: =Calculations!$B$972 + Calculations!$B$982 * V10 -> 0.016121695 | Z10: =Calculations!$C$972 + Calculations!$B$983 * V10 + Calculations!$C$983 * W10 -> -0.021559423 | AA10: =Calculations!$D$972 + Calculations!$B$984 * V10 + Calculations!$C$984 * W10 + Calculations!$D$984 * X10 -> 0.036668557 | AB10: =Calculations!$B$988 * Y10 + Calculations!$B$989 * Z10 + Calculations!$B$990 * AA10 -> 0.01474953 | AC10: =AC9 * (1 + AB10) -> 10036.008 | AE10: 8 | AF10: =_xlfn.NORM.S.INV(RAND()) -> 0.86001601 | AG10: =_xlfn.NORM.S.INV(RAND()) -> -0.98098159 | AH10: =_xlfn.NORM.S.INV(RAND()) -> 0.024135046 | AI10: =Calculations!$B$972 + Calculations!$B$982 * AF10 -> 0.018001563 | AJ10: =Calculations!$C$972 + Calculations!$B$983 * AF10 + Calculations!$C$983 * AG10 -> -0.013527114 | AK10: =Calculations!$D$972 + Calculations!$B$984 * AF10 + Calculations!$C$984 * AG10 + Calculations!$D$984 * AH10 -> 0.0016882318 | AL10: =Calculations!$B$988 * AI10 + Calculations!$B$989 * AJ10 + Calculations!$B$990 * AK10 -> 0.0068018282 | AM10: =AM9 * (1 + AL10) -> 9913.2164 | AO10: 8 | AP10: =_xlfn.NORM.S.INV(RAND()) -> -0.91980783 | AQ10: =_xlfn.NORM.S.INV(RAND()) -> -0.38938933 | AR10: =_xlfn.NORM.S.INV(RAND()) -> -0.46067131 | AS10: =Calculations!$B$972 + Calculations!$B$982 * AP10 -> -0.016871685 | AT10: =Calculations!$C$972 + Calculations!$B$983 * AP10 + Calculations!$C$983 * AQ10 -> -0.0045816214 | AU10: =Calculations!$D$972 + Calculations!$B$984 * AP10 + Calculations!$C$984 * AQ10 + Calculations!$D$984 * AR10 -> -0.011839543 | AV10: =Calculations!$B$988 * AS10 + Calculations!$B$989 * AT10 + Calculations!$B$990 * AU10 -> -0.01290403 | AW10: =AW9 * (1 + AV10) -> 9694.0113
A11: 9 | B11: =_xlfn.NORM.S.INV(RAND()) -> -0.58586908 | C11: =_xlfn.NORM.S.INV(RAND()) -> 1.1365171 | D11: =_xlfn.NORM.S.INV(RAND()) -> -1.2379306 | E11: =Calculations!$B$972 + Calculations!$B$982 * B11 -> -0.010328606 | F11: =Calculations!$C$972 + Calculations!$B$983 * B11 + Calculations!$C$983 * C11 -> 0.018383784 | G11: =Calculations!$D$972 + Calculations!$B$984 * B11 + Calculations!$C$984 * C11 + Calculations!$D$984 * D11 -> -0.035301765 | H11: =Calculations!$B$988 * E11 + Calculations!$B$989 * F11 + Calculations!$B$990 * G11 -> -0.012078075 | I11: =I10 * (1 + H11) -> 9955.0048 | K11: 9 | L11: =_xlfn.NORM.S.INV(RAND()) -> -1.7827679 | M11: =_xlfn.NORM.S.INV(RAND()) -> 0.28013868 | N11: =_xlfn.NORM.S.INV(RAND()) -> 0.097624775 | O11: =Calculations!$B$972 + Calculations!$B$982 * L11 -> -0.033780225 | P11: =Calculations!$C$972 + Calculations!$B$983 * L11 + Calculations!$C$983 * M11 -> 0.0055171167 | Q11: =Calculations!$D$972 + Calculations!$B$984 * L11 + Calculations!$C$984 * M11 + Calculations!$D$984 * N11 -> 0.0048996308 | R11: =Calculations!$B$988 * O11 + Calculations!$B$989 * P11 + Calculations!$B$990 * Q11 -> -0.0143168 | S11: =S10 * (1 + R11) -> 9580.2842 | U11: 9 | V11: =_xlfn.NORM.S.INV(RAND()) -> -2.0315328 | W11: =_xlfn.NORM.S.INV(RAND()) -> 0.99264742 | X11: =_xlfn.NORM.S.INV(RAND()) -> 2.7265722 | Y11: =Calculations!$B$972 + Calculations!$B$982 * V11 -> -0.038654437 | Z11: =Calculations!$C$972 + Calculations!$B$983 * V11 + Calculations!$C$983 * W11 -> 0.01624948 | AA11: =Calculations!$D$972 + Calculations!$B$984 * V11 + Calculations!$C$984 * W11 + Calculations!$D$984 * X11 -> 0.08236638 | AB11: =Calculations!$B$988 * Y11 + Calculations!$B$989 * Z11 + Calculations!$B$990 * AA11 -> 0.0086325913 | AC11: =AC10 * (1 + AB11) -> 10122.645 | AE11: 9 | AF11: =_xlfn.NORM.S.INV(RAND()) -> -0.26372456 | AG11: =_xlfn.NORM.S.INV(RAND()) -> -0.023473012 | AH11: =_xlfn.NORM.S.INV(RAND()) -> -0.14225341 | AI11: =Calculations!$B$972 + Calculations!$B$982 * AF11 -> -0.0040166181 | AJ11: =Calculations!$C$972 + Calculations!$B$983 * AF11 + Calculations!$C$983 * AG11 -> 0.00091292332 | AK11: =Calculations!$D$972 + Calculations!$B$984 * AF11 + Calculations!$C$984 * AG11 + Calculations!$D$984 * AH11 -> -0.0028767486 | AL11: =Calculations!$B$988 * AI11 + Calculations!$B$989 * AJ11 + Calculations!$B$990 * AK11 -> -0.002688749 | AM11: =AM10 * (1 + AL11) -> 9886.5623 | AO11: 9 | AP11: =_xlfn.NORM.S.INV(RAND()) -> 0.03224197 | AQ11: =_xlfn.NORM.S.INV(RAND()) -> -1.0251613 | AR11: =_xlfn.NORM.S.INV(RAND()) -> -0.81851987 | AS11: =Calculations!$B$972 + Calculations!$B$982 * AP11 -> 0.0017824469 | AT11: =Calculations!$C$972 + Calculations!$B$983 * AP11 + Calculations!$C$983 * AQ11 -> -0.01417411 | AU11: =Calculations!$D$972 + Calculations!$B$984 * AP11 + Calculations!$C$984 * AQ11 + Calculations!$D$984 * AR11 -> -0.022722467 | AV11: =Calculations!$B$988 * AS11 + Calculations!$B$989 * AT11 + Calculations!$B$990 * AU11 -> -0.0087603386 | AW11: =AW10 * (1 + AV11) -> 9609.0884
A12: 10 | B12: =_xlfn.NORM.S.INV(RAND()) -> -1.5421879 | C12: =_xlfn.NORM.S.INV(RAND()) -> -0.027445926 | D12: =_xlfn.NORM.S.INV(RAND()) -> 0.68066552 | E12: =Calculations!$B$972 + Calculations!$B$982 * B12 -> -0.029066382 | F12: =Calculations!$C$972 + Calculations!$B$983 * B12 + Calculations!$C$983 * C12 -> 0.00088111932 | G12: =Calculations!$D$972 + Calculations!$B$984 * B12 + Calculations!$C$984 * C12 + Calculations!$D$984 * D12 -> 0.022042599 | H12: =Calculations!$B$988 * E12 + Calculations!$B$989 * F12 + Calculations!$B$990 * G12 -> -0.0077441877 | I12: =I11 * (1 + H12) -> 9877.9114 | K12: 10 | L12: =_xlfn.NORM.S.INV(RAND()) -> -0.59427047 | M12: =_xlfn.NORM.S.INV(RAND()) -> -2.0148521 | N12: =_xlfn.NORM.S.INV(RAND()) -> -1.3046536 | O12: =Calculations!$B$972 + Calculations!$B$982 * L12 -> -0.010493219 | P12: =Calculations!$C$972 + Calculations!$B$983 * L12 + Calculations!$C$983 * M12 -> -0.02906031 | Q12: =Calculations!$D$972 + Calculations!$B$984 * L12 + Calculations!$C$984 * M12 + Calculations!$D$984 * N12 -> -0.036492633 | R12: =Calculations!$B$988 * O12 + Calculations!$B$989 * P12 + Calculations!$B$990 * Q12 -> -0.022006462 | S12: =S11 * (1 + R12) -> 9369.456 | U12: 10 | V12: =_xlfn.NORM.S.INV(RAND()) -> 0.21688966 | W12: =_xlfn.NORM.S.INV(RAND()) -> -0.69176 | X12: =_xlfn.NORM.S.INV(RAND()) -> -0.66607361 | Y12: =Calculations!$B$972 + Calculations!$B$982 * V12 -> 0.0054003693 | Z12: =Calculations!$C$972 + Calculations!$B$983 * V12 + Calculations!$C$983 * W12 -> -0.0091587547 | AA12: =Calculations!$D$972 + Calculations!$B$984 * V12 + Calculations!$C$984 * W12 + Calculations!$D$984 * X12 -> -0.018403884 | AB12: =Calculations!$B$988 * Y12 + Calculations!$B$989 * Z12 + Calculations!$B$990 * AA12 -> -0.0046527316 | AC12: =AC11 * (1 + AB12) -> 10075.547 | AE12: 10 | AF12: =_xlfn.NORM.S.INV(RAND()) -> 1.8373399 | AG12: =_xlfn.NORM.S.INV(RAND()) -> 0.00046977718 | AH12: =_xlfn.NORM.S.INV(RAND()) -> -0.19556723 | AI12: =Calculations!$B$972 + Calculations!$B$982 * AF12 -> 0.037150906 | AJ12: =Calculations!$C$972 + Calculations!$B$983 * AF12 + Calculations!$C$983 * AG12 -> 0.0012273548 | AK12: =Calculations!$D$972 + Calculations!$B$984 * AF12 + Calculations!$C$984 * AG12 + Calculations!$D$984 * AH12 -> -0.005530673 | AL12: =Calculations!$B$988 * AI12 + Calculations!$B$989 * AJ12 + Calculations!$B$990 * AK12 -> 0.017161722 | AM12: =AM11 * (1 + AL12) -> 10056.233 | AO12: 10 | AP12: =_xlfn.NORM.S.INV(RAND()) -> -1.542203 | AQ12: =_xlfn.NORM.S.INV(RAND()) -> 0.45825995 | AR12: =_xlfn.NORM.S.INV(RAND()) -> -0.018205746 | AS12: =Calculations!$B$972 + Calculations!$B$982 * AP12 -> -0.029066679 | AT12: =Calculations!$C$972 + Calculations!$B$983 * AP12 + Calculations!$C$983 * AQ12 -> 0.0081934856 | AU12: =Calculations!$D$972 + Calculations!$B$984 * AP12 + Calculations!$C$984 * AQ12 + Calculations!$D$984 * AR12 -> 0.0013175402 | AV12: =Calculations!$B$988 * AS12 + Calculations!$B$989 * AT12 + Calculations!$B$990 * AU12 -> -0.01249938 | AW12: =AW11 * (1 + AV12) -> 9488.9808
A13: 11 | B13: =_xlfn.NORM.S.INV(RAND()) -> 0.92935752 | C13: =_xlfn.NORM.S.INV(RAND()) -> 0.80353567 | D13: =_xlfn.NORM.S.INV(RAND()) -> -0.049603392 | E13: =Calculations!$B$972 + Calculations!$B$982 * B13 -> 0.019360216 | F13: =Calculations!$C$972 + Calculations!$B$983 * B13 + Calculations!$C$983 * C13 -> 0.01333751 | G13: =Calculations!$D$972 + Calculations!$B$984 * B13 + Calculations!$C$984 * C13 + Calculations!$D$984 * D13 -> -0.00095868167 | H13: =Calculations!$B$988 * E13 + Calculations!$B$989 * F13 + Calculations!$B$990 * G13 -> 0.012060006 | I13: =I12 * (1 + H13) -> 9997.0391 | K13: 11 | L13: =_xlfn.NORM.S.INV(RAND()) -> -0.92692133 | M13: =_xlfn.NORM.S.INV(RAND()) -> -0.11531654 | N13: =_xlfn.NORM.S.INV(RAND()) -> -1.0878803 | O13: =Calculations!$B$972 + Calculations!$B$982 * L13 -> -0.017011064 | P13: =Calculations!$C$972 + Calculations!$B$983 * L13 + Calculations!$C$983 * M13 -> -0.00045526369 | Q13: =Calculations!$D$972 + Calculations!$B$984 * L13 + Calculations!$C$984 * M13 + Calculations!$D$984 * N13 -> -0.030396167 | R13: =Calculations!$B$988 * O13 + Calculations!$B$989 * P13 + Calculations!$B$990 * Q13 -> -0.017715435 | S13: =S12 * (1 + R13) -> 9203.472 | U13: 11 | V13: =_xlfn.NORM.S.INV(RAND()) -> -0.075214132 | W13: =_xlfn.NORM.S.INV(RAND()) -> 0.075153922 | X13: =_xlfn.NORM.S.INV(RAND()) -> -1.1130076 | Y13: =Calculations!$B$972 + Calculations!$B$982 * V13 -> -0.0003230105 | Z13: =Calculations!$C$972 + Calculations!$B$983 * V13 + Calculations!$C$983 * W13 -> 0.0023936349 | AA13: =Calculations!$D$972 + Calculations!$B$984 * V13 + Calculations!$C$984 * W13 + Calculations!$D$984 * X13 -> -0.03161993 | AB13: =Calculations!$B$988 * Y13 + Calculations!$B$989 * Z13 + Calculations!$B$990 * AA13 -> -0.0091687573 | AC13: =AC12 * (1 + AB13) -> 9983.1668 | AE13: 11 | AF13: =_xlfn.NORM.S.INV(RAND()) -> 0.12832939 | AG13: =_xlfn.NORM.S.INV(RAND()) -> 0.94432066 | AH13: =_xlfn.NORM.S.INV(RAND()) -> 2.2915061 | AI13: =Calculations!$B$972 + Calculations!$B$982 * AF13 -> 0.0036651504 | AJ13: =Calculations!$C$972 + Calculations!$B$983 * AF13 + Calculations!$C$983 * AG13 -> 0.015474595 | AK13: =Calculations!$D$972 + Calculations!$B$984 * AF13 + Calculations!$C$984 * AG13 + Calculations!$D$984 * AH13 -> 0.06844417 | AL13: =Calculations!$B$988 * AI13 + Calculations!$B$989 * AJ13 + Calculations!$B$990 * AK13 -> 0.025460745 | AM13: =AM12 * (1 + AL13) -> 10312.272 | AO13: 11 | AP13: =_xlfn.NORM.S.INV(RAND()) -> -0.13774522 | AQ13: =_xlfn.NORM.S.INV(RAND()) -> -0.63124943 | AR13: =_xlfn.NORM.S.INV(RAND()) -> -0.11381963 | AS13: =Calculations!$B$972 + Calculations!$B$982 * AP13 -> -0.0015482228 | AT13: =Calculations!$C$972 + Calculations!$B$983 * AP13 + Calculations!$C$983 * AQ13 -> -0.0082399907 | AU13: =Calculations!$D$972 + Calculations!$B$984 * AP13 + Calculations!$C$984 * AQ13 + Calculations!$D$984 * AR13 -> -0.0019539927 | AV13: =Calculations!$B$988 * AS13 + Calculations!$B$989 * AT13 + Calculations!$B$990 * AU13 -> -0.0030083073 | AW13: =AW12 * (1 + AV13) -> 9460.435
A14: 12 | B14: =_xlfn.NORM.S.INV(RAND()) -> 0.51685289 | C14: =_xlfn.NORM.S.INV(RAND()) -> -0.22257022 | D14: =_xlfn.NORM.S.INV(RAND()) -> 0.53586466 | E14: =Calculations!$B$972 + Calculations!$B$982 * B14 -> 0.011277744 | F14: =Calculations!$C$972 + Calculations!$B$983 * B14 + Calculations!$C$983 * C14 -> -0.0021016124 | G14: =Calculations!$D$972 + Calculations!$B$984 * B14 + Calculations!$C$984 * C14 + Calculations!$D$984 * D14 -> 0.016766399 | H14: =Calculations!$B$988 * E14 + Calculations!$B$989 * F14 + Calculations!$B$990 * G14 -> 0.010248469 | I14: =I13 * (1 + H14) -> 10099.493 | K14: 12 | L14: =_xlfn.NORM.S.INV(RAND()) -> -0.8538381 | M14: =_xlfn.NORM.S.INV(RAND()) -> 1.2941159 | N14: =_xlfn.NORM.S.INV(RAND()) -> 0.26954463 | O14: =Calculations!$B$972 + Calculations!$B$982 * L14 -> -0.015579097 | P14: =Calculations!$C$972 + Calculations!$B$983 * L14 + Calculations!$C$983 * M14 -> 0.020762326 | Q14: =Calculations!$D$972 + Calculations!$B$984 * L14 + Calculations!$C$984 * M14 + Calculations!$D$984 * N14 -> 0.0092444323 | R14: =Calculations!$B$988 * O14 + Calculations!$B$989 * P14 + Calculations!$B$990 * Q14 -> -0.0008637537 | S14: =S13 * (1 + R14) -> 9195.5225 | U14: 12 | V14: =_xlfn.NORM.S.INV(RAND()) -> -0.33664767 | W14: =_xlfn.NORM.S.INV(RAND()) -> 1.1502209 | X14: =_xlfn.NORM.S.INV(RAND()) -> 0.39675847 | Y14: =Calculations!$B$972 + Calculations!$B$982 * V14 -> -0.0054454482 | Z14: =Calculations!$C$972 + Calculations!$B$983 * V14 + Calculations!$C$983 * W14 -> 0.018584637 | AA14: =Calculations!$D$972 + Calculations!$B$984 * V14 + Calculations!$C$984 * W14 + Calculations!$D$984 * X14 -> 0.012765668 | AB14: =Calculations!$B$988 * Y14 + Calculations!$B$989 * Z14 + Calculations!$B$990 * AA14 -> 0.0048239037 | AC14: =AC13 * (1 + AB14) -> 10031.325 | AE14: 12 | AF14: =_xlfn.NORM.S.INV(RAND()) -> 2.0566367 | AG14: =_xlfn.NORM.S.INV(RAND()) -> -0.44956771 | AH14: =_xlfn.NORM.S.INV(RAND()) -> -0.3761866 | AI14: =Calculations!$B$972 + Calculations!$B$982 * AF14 -> 0.041447732 | AJ14: =Calculations!$C$972 + Calculations!$B$983 * AF14 + Calculations!$C$983 * AG14 -> -0.0055528233 | AK14: =Calculations!$D$972 + Calculations!$B$984 * AF14 + Calculations!$C$984 * AG14 + Calculations!$D$984 * AH14 -> -0.010858245 | AL14: =Calculations!$B$988 * AI14 + Calculations!$B$989 * AJ14 + Calculations!$B$990 * AK14 -> 0.016355828 | AM14: =AM13 * (1 + AL14) -> 10480.938 | AO14: 12 | AP14: =_xlfn.NORM.S.INV(RAND()) -> 1.5846277 | AQ14: =_xlfn.NORM.S.INV(RAND()) -> -0.73691209 | AR14: =_xlfn.NORM.S.INV(RAND()) -> 0.16324402 | AS14: =Calculations!$B$972 + Calculations!$B$982 * AP14 -> 0.032199352 | AT14: =Calculations!$C$972 + Calculations!$B$983 * AP14 + Calculations!$C$983 * AQ14 -> -0.0098684899 | AU14: =Calculations!$D$972 + Calculations!$B$984 * AP14 + Calculations!$C$984 * AQ14 + Calculations!$D$984 * AR14 -> 0.0053588991 | AV14: =Calculations!$B$988 * AS14 + Calculations!$B$989 * AT14 + Calculations!$B$990 * AU14 -> 0.015733648 | AW14: =AW13 * (1 + AV14) -> 9609.2822
A15: 13 | B15: =_xlfn.NORM.S.INV(RAND()) -> -1.6779803 | C15: =_xlfn.NORM.S.INV(RAND()) -> -0.22317667 | D15: =_xlfn.NORM.S.INV(RAND()) -> -1.4927105 | E15: =Calculations!$B$972 + Calculations!$B$982 * B15 -> -0.031727051 | F15: =Calculations!$C$972 + Calculations!$B$983 * B15 + Calculations!$C$983 * C15 -> -0.0020626579 | G15: =Calculations!$D$972 + Calculations!$B$984 * B15 + Calculations!$C$984 * C15 + Calculations!$D$984 * D15 -> -0.04192139 | H15: =Calculations!$B$988 * E15 + Calculations!$B$989 * F15 + Calculations!$B$990 * G15 -> -0.028852474 | I15: =I14 * (1 + H15) -> 9808.098 | K15: 13 | L15: =_xlfn.NORM.S.INV(RAND()) -> 1.6272217 | M15: =_xlfn.NORM.S.INV(RAND()) -> -0.52083027 | N15: =_xlfn.NORM.S.INV(RAND()) -> 0.10834155 | O15: =Calculations!$B$972 + Calculations!$B$982 * L15 -> 0.033033924 | P15: =Calculations!$C$972 + Calculations!$B$983 * L15 + Calculations!$C$983 * M15 -> -0.0066162828 | Q15: =Calculations!$D$972 + Calculations!$B$984 * L15 + Calculations!$C$984 * M15 + Calculations!$D$984 * N15 -> 0.003665353 | R15: =Calculations!$B$988 * O15 + Calculations!$B$989 * P15 + Calculations!$B$990 * Q15 -> 0.016293311 | S15: =S14 * (1 + R15) -> 9345.348 | U15: 13 | V15: =_xlfn.NORM.S.INV(RAND()) -> 0.50286205 | W15: =_xlfn.NORM.S.INV(RAND()) -> -1.2812034 | X15: =_xlfn.NORM.S.INV(RAND()) -> -0.54163937 | Y15: =Calculations!$B$972 + Calculations!$B$982 * V15 -> 0.011003613 | Z15: =Calculations!$C$972 + Calculations!$B$983 * V15 + Calculations!$C$983 * W15 -> -0.018039168 | AA15: =Calculations!$D$972 + Calculations!$B$984 * V15 + Calculations!$C$984 * W15 + Calculations!$D$984 * X15 -> -0.014737013 | AB15: =Calculations!$B$988 * Y15 + Calculations!$B$989 * Z15 + Calculations!$B$990 * AA15 -> -0.0025271312 | AC15: =AC14 * (1 + AB15) -> 10005.974 | AE15: 13 | AF15: =_xlfn.NORM.S.INV(RAND()) -> 0.09392288 | AG15: =_xlfn.NORM.S.INV(RAND()) -> -0.05472961 | AH15: =_xlfn.NORM.S.INV(RAND()) -> -0.62870272 | AI15: =Calculations!$B$972 + Calculations!$B$982 * AF15 -> 0.0029910011 | AJ15: =Calculations!$C$972 + Calculations!$B$983 * AF15 + Calculations!$C$983 * AG15 -> 0.00043451573 | AK15: =Calculations!$D$972 + Calculations!$B$984 * AF15 + Calculations!$C$984 * AG15 + Calculations!$D$984 * AH15 -> -0.017395115 | AL15: =Calculations!$B$988 * AI15 + Calculations!$B$989 * AJ15 + Calculations!$B$990 * AK15 -> -0.0036361308 | AM15: =AM14 * (1 + AL15) -> 10442.828 | AO15: 13 | AP15: =_xlfn.NORM.S.INV(RAND()) -> 0.09405573 | AQ15: =_xlfn.NORM.S.INV(RAND()) -> 1.3273957 | AR15: =_xlfn.NORM.S.INV(RAND()) -> -0.54547501 | AS15: =Calculations!$B$972 + Calculations!$B$982 * AP15 -> 0.0029936042 | AT15: =Calculations!$C$972 + Calculations!$B$983 * AP15 + Calculations!$C$983 * AQ15 -> 0.021242591 | AU15: =Calculations!$D$972 + Calculations!$B$984 * AP15 + Calculations!$C$984 * AQ15 + Calculations!$D$984 * AR15 -> -0.015279878 | AV15: =Calculations!$B$988 * AS15 + Calculations!$B$989 * AT15 + Calculations!$B$990 * AU15 -> 0.0011613571 | AW15: =AW14 * (1 + AV15) -> 9620.442
A16: 14 | B16: =_xlfn.NORM.S.INV(RAND()) -> 1.5206104 | C16: =_xlfn.NORM.S.INV(RAND()) -> -0.81146538 | D16: =_xlfn.NORM.S.INV(RAND()) -> -0.20530193 | E16: =Calculations!$B$972 + Calculations!$B$982 * B16 -> 0.030945019 | F16: =Calculations!$C$972 + Calculations!$B$983 * B16 + Calculations!$C$983 * C16 -> -0.010989497 | G16: =Calculations!$D$972 + Calculations!$B$984 * B16 + Calculations!$C$984 * C16 + Calculations!$D$984 * D16 -> -0.0054565395 | H16: =Calculations!$B$988 * E16 + Calculations!$B$989 * F16 + Calculations!$B$990 * G16 -> 0.011637648 | I16: =I15 * (1 + H16) -> 9922.2412 | K16: 14 | L16: =_xlfn.NORM.S.INV(RAND()) -> -2.1023684 | M16: =_xlfn.NORM.S.INV(RAND()) -> 0.39546862 | N16: =_xlfn.NORM.S.INV(RAND()) -> -0.090996769 | O16: =Calculations!$B$972 + Calculations!$B$982 * L16 -> -0.040042365 | P16: =Calculations!$C$972 + Calculations!$B$983 * L16 + Calculations!$C$983 * M16 -> 0.007260426 | Q16: =Calculations!$D$972 + Calculations!$B$984 * L16 + Calculations!$C$984 * M16 + Calculations!$D$984 * N16 -> -0.000526399 | R16: =Calculations!$B$988 * O16 + Calculations!$B$989 * P16 + Calculations!$B$990 * Q16 -> -0.018727017 | S16: =S15 * (1 + R16) -> 9170.3375 | U16: 14 | V16: =_xlfn.NORM.S.INV(RAND()) -> 2.5893982 | W16: =_xlfn.NORM.S.INV(RAND()) -> -0.73057642 | X16: =_xlfn.NORM.S.INV(RAND()) -> 0.43345486 | Y16: =Calculations!$B$972 + Calculations!$B$982 * V16 -> 0.051886476 | Z16: =Calculations!$C$972 + Calculations!$B$983 * V16 + Calculations!$C$983 * W16 -> -0.0097951182 | AA16: =Calculations!$D$972 + Calculations!$B$984 * V16 + Calculations!$C$984 * W16 + Calculations!$D$984 * X16 -> 0.012809834 | AB16: =Calculations!$B$988 * Y16 + Calculations!$B$989 * Z16 + Calculations!$B$990 * AA16 -> 0.027827164 | AC16: =AC15 * (1 + AB16) -> 10284.412 | AE16: 14 | AF16: =_xlfn.NORM.S.INV(RAND()) -> -0.67558983 | AG16: =_xlfn.NORM.S.INV(RAND()) -> 0.20500434 | AH16: =_xlfn.NORM.S.INV(RAND()) -> 0.75711742 | AI16: =Calculations!$B$972 + Calculations!$B$982 * AF16 -> -0.012086563 | AJ16: =Calculations!$C$972 + Calculations!$B$983 * AF16 + Calculations!$C$983 * AG16 -> 0.0043617031 | AK16: =Calculations!$D$972 + Calculations!$B$984 * AF16 + Calculations!$C$984 * AG16 + Calculations!$D$984 * AH16 -> 0.023795962 | AL16: =Calculations!$B$988 * AI16 + Calculations!$B$989 * AJ16 + Calculations!$B$990 * AK16 -> 0.0019678478 | AM16: =AM15 * (1 + AL16) -> 10463.377 | AO16: 14 | AP16: =_xlfn.NORM.S.INV(RAND()) -> 2.7906029 | AQ16: =_xlfn.NORM.S.INV(RAND()) -> 0.51966024 | AR16: =_xlfn.NORM.S.INV(RAND()) -> 0.23428036 | AS16: =Calculations!$B$972 + Calculations!$B$982 * AP16 -> 0.055828809 | AT16: =Calculations!$C$972 + Calculations!$B$983 * AP16 + Calculations!$C$983 * AQ16 -> 0.0090229514 | AU16: =Calculations!$D$972 + Calculations!$B$984 * AP16 + Calculations!$C$984 * AQ16 + Calculations!$D$984 * AR16 -> 0.0065278376 | AV16: =Calculations!$B$988 * AS16 + Calculations!$B$989 * AT16 + Calculations!$B$990 * AU16 -> 0.031677346 | AW16: =AW15 * (1 + AV16) -> 9925.192
